timestamp,project_name,run_id,experiment_id,duration,emissions,emissions_rate,cpu_power,gpu_power,ram_power,cpu_energy,gpu_energy,ram_energy,energy_consumed,country_name,country_iso_code,region,cloud_provider,cloud_region,os,python_version,codecarbon_version,cpu_count,cpu_model,gpu_count,gpu_model,longitude,latitude,ram_total_size,tracking_mode,on_cloud,pue
2025-04-21T22:56:46,MF_ml-1m_full,057b1f45-b60f-411b-aade-ca6e9089a857,5b0fa12a-3dd7-45bb-9766-cc326314d9f1,113.5365923,0.000101027667347,8.898247278737041e-07,12.5,0.0,5.905032634735107,0.0003942229003472,0,0.000186229080963,0.0005804519813102,Spain,ESP,,,,Windows-10-10.0.26100-SP0,3.8.8,2.8.3,8,Intel(R) Core(TM) i7-1065G7 CPU @ 1.30GHz,,,-3.684,40.4172,15.746753692626951,machine,N,1.0
2025-04-21T23:01:09,MF_C:/Users/xpati/Documents/TFG/ml-1m_full_epoch0,0c1ebc91-f23f-41b3-ac4c-475d5e322656,5b0fa12a-3dd7-45bb-9766-cc326314d9f1,167.15714830000002,0.000148740831856,8.898263303048249e-07,12.5,0.0,5.905032634735107,0.0005804052083333,0,0.0002741815877368,0.0008545867960701,Spain,ESP,,,,Windows-10-10.0.26100-SP0,3.8.8,2.8.3,8,Intel(R) Core(TM) i7-1065G7 CPU @ 1.30GHz,,,-3.684,40.4172,15.746753692626951,machine,N,1.0
2025-04-21T23:04:34,MF_C:/Users/xpati/Documents/TFG/ml-1m_full_epoch1,da927853-bf73-4c73-b205-d1c15fdef58b,5b0fa12a-3dd7-45bb-9766-cc326314d9f1,160.99783639999998,0.0001432600971989,8.898262262545397e-07,12.5,0.0,5.905032634735107,0.0005590186052083,0,0.000264078764507,0.0008230973697153,Spain,ESP,,,,Windows-10-10.0.26100-SP0,3.8.8,2.8.3,8,Intel(R) Core(TM) i7-1065G7 CPU @ 1.30GHz,,,-3.684,40.4172,15.746753692626951,machine,N,1.0
2025-04-21T23:07:54,MF_C:/Users/xpati/Documents/TFG/ml-1m_full_epoch2,6df8ac19-b125-4276-a777-8fff576888ca,5b0fa12a-3dd7-45bb-9766-cc326314d9f1,156.1030293,0.0001389047014546,8.898270717584631e-07,12.5,0.0,5.905032634735107,0.0005420230913194,0,0.0002560504591237,0.0007980735504432,Spain,ESP,,,,Windows-10-10.0.26100-SP0,3.8.8,2.8.3,8,Intel(R) Core(TM) i7-1065G7 CPU @ 1.30GHz,,,-3.684,40.4172,15.746753692626951,machine,N,1.0
2025-04-21T23:11:18,MF_C:/Users/xpati/Documents/TFG/ml-1m_full_epoch3,c01eb571-0e6b-4374-9230-ac7abe93603c,5b0fa12a-3dd7-45bb-9766-cc326314d9f1,159.1964509999999,0.0001416571103685,8.898258062837182e-07,12.5,0.0,5.905032634735107,0.000552763709375,0,0.0002611237388788,0.0008138874482538,Spain,ESP,,,,Windows-10-10.0.26100-SP0,3.8.8,2.8.3,8,Intel(R) Core(TM) i7-1065G7 CPU @ 1.30GHz,,,-3.684,40.4172,15.746753692626951,machine,N,1.0
2025-04-21T23:14:42,MF_C:/Users/xpati/Documents/TFG/ml-1m_full_epoch4,27814a9a-ef49-4e76-97de-366178139872,5b0fa12a-3dd7-45bb-9766-cc326314d9f1,159.91040610000005,0.000142292443686,8.898260416964009e-07,12.5,0.0,5.905032634735107,0.0005552430281249,0,0.0002622947120992,0.0008175377402242,Spain,ESP,,,,Windows-10-10.0.26100-SP0,3.8.8,2.8.3,8,Intel(R) Core(TM) i7-1065G7 CPU @ 1.30GHz,,,-3.684,40.4172,15.746753692626951,machine,N,1.0
2025-04-21T23:18:25,MF_C:/Users/xpati/Documents/TFG/ml-1m_full_epoch5,5b7eef54-db3d-41f8-81e7-a9aeebf703b8,5b0fa12a-3dd7-45bb-9766-cc326314d9f1,176.92184500000008,0.0001574289047393,8.898217443941346e-07,12.5,0.0,5.905032634735107,0.0006143099420138,0,0.0002901939634117,0.0009045039054256,Spain,ESP,,,,Windows-10-10.0.26100-SP0,3.8.8,2.8.3,8,Intel(R) Core(TM) i7-1065G7 CPU @ 1.30GHz,,,-3.684,40.4172,15.746753692626951,machine,N,1.0
2025-04-21T23:22:15,MF_C:/Users/xpati/Documents/TFG/ml-1m_full_epoch6,c5c1e368-84f5-484b-b622-64f4fa0d1469,5b0fa12a-3dd7-45bb-9766-cc326314d9f1,179.7610462,0.0001599557433346,8.898242790416602e-07,12.5,0.0,5.905032634735107,0.0006241674427083,0,0.0002948543518029,0.0009190217945112,Spain,ESP,,,,Windows-10-10.0.26100-SP0,3.8.8,2.8.3,8,Intel(R) Core(TM) i7-1065G7 CPU @ 1.30GHz,,,-3.684,40.4172,15.746753692626951,machine,N,1.0
2025-04-21T23:26:19,MF_C:/Users/xpati/Documents/TFG/ml-1m_full_epoch7,a4557b00-6485-44c7-8dda-79e56ed01ba4,5b0fa12a-3dd7-45bb-9766-cc326314d9f1,190.48526460000016,0.0001694984089679,8.898242566105591e-07,12.5,0.0,5.905032634735107,0.0006614043236111,0,0.00031244462191,0.0009738489455211,Spain,ESP,,,,Windows-10-10.0.26100-SP0,3.8.8,2.8.3,8,Intel(R) Core(TM) i7-1065G7 CPU @ 1.30GHz,,,-3.684,40.4172,15.746753692626951,machine,N,1.0
2025-04-21T23:29:53,MF_C:/Users/xpati/Documents/TFG/ml-1m_full_epoch8,dfb60aa2-1165-419b-9094-e83f4479a03d,5b0fa12a-3dd7-45bb-9766-cc326314d9f1,168.0356706,0.0001495223613687,8.89825123647287e-07,12.5,0.0,5.905032634735107,0.0005834548784722,0,0.0002756221762178,0.00085907705469,Spain,ESP,,,,Windows-10-10.0.26100-SP0,3.8.8,2.8.3,8,Intel(R) Core(TM) i7-1065G7 CPU @ 1.30GHz,,,-3.684,40.4172,15.746753692626951,machine,N,1.0
2025-04-21T23:33:49,MF_C:/Users/xpati/Documents/TFG/ml-1m_full_epoch9,58747578-3942-4cc3-82a2-27d1263bd687,5b0fa12a-3dd7-45bb-9766-cc326314d9f1,169.58328600000004,0.0001508993918536,8.898246720706548e-07,12.5,0.0,5.905032634735107,0.0005888290805555,0,0.0002781596689624,0.000866988749518,Spain,ESP,,,,Windows-10-10.0.26100-SP0,3.8.8,2.8.3,8,Intel(R) Core(TM) i7-1065G7 CPU @ 1.30GHz,,,-3.684,40.4172,15.746753692626951,machine,N,1.0
2025-04-21T23:38:09,MF_C:/Users/xpati/Documents/TFG/ml-1m_full_epoch10,986fac67-e205-49e5-be88-8bb1b7a658ae,5b0fa12a-3dd7-45bb-9766-cc326314d9f1,213.89021660000023,0.0001903249997278,8.898256439836165e-07,12.5,0.0,5.905032634735107,0.0007426721059027,0,0.0003508355052887,0.0010935076111915,Spain,ESP,,,,Windows-10-10.0.26100-SP0,3.8.8,2.8.3,8,Intel(R) Core(TM) i7-1065G7 CPU @ 1.30GHz,,,-3.684,40.4172,15.746753692626951,machine,N,1.0
2025-04-21T23:41:56,MF_C:/Users/xpati/Documents/TFG/ml-1m_full_epoch11,281ed0ae-6494-4879-be42-eec41e5e7e21,5b0fa12a-3dd7-45bb-9766-cc326314d9f1,176.3222292999999,0.0001568959493515,8.898251228698824e-07,12.5,0.0,5.905032634735107,0.0006122279947916,0,0.0002892138285439,0.0009014418233356,Spain,ESP,,,,Windows-10-10.0.26100-SP0,3.8.8,2.8.3,8,Intel(R) Core(TM) i7-1065G7 CPU @ 1.30GHz,,,-3.684,40.4172,15.746753692626951,machine,N,1.0
2025-04-21T23:45:31,MF_C:/Users/xpati/Documents/TFG/ml-1m_full_epoch12,c62926db-2567-4b4a-8014-ee0ca7e02fb2,5b0fa12a-3dd7-45bb-9766-cc326314d9f1,166.79645319999963,0.0001484198028707,8.898258927171852e-07,12.5,0.0,5.905032634735107,0.0005791527045138,0,0.0002735896274065,0.0008527423319204,Spain,ESP,,,,Windows-10-10.0.26100-SP0,3.8.8,2.8.3,8,Intel(R) Core(TM) i7-1065G7 CPU @ 1.30GHz,,,-3.684,40.4172,15.746753692626951,machine,N,1.0
2025-04-21T23:49:01,MF_C:/Users/xpati/Documents/TFG/ml-1m_full_epoch13,72f7a7a4-c53a-41f4-b632-fe5e9caa7835,5b0fa12a-3dd7-45bb-9766-cc326314d9f1,164.2123601000003,0.0001461204618922,8.898262092041728e-07,12.5,0.0,5.905032634735107,0.0005701803003472,0,0.0002693512244574,0.0008395315248046,Spain,ESP,,,,Windows-10-10.0.26100-SP0,3.8.8,2.8.3,8,Intel(R) Core(TM) i7-1065G7 CPU @ 1.30GHz,,,-3.684,40.4172,15.746753692626951,machine,N,1.0
2025-04-21T23:52:32,MF_C:/Users/xpati/Documents/TFG/ml-1m_full_epoch14,37b478d2-830d-4d14-8ee1-0a9f9ca23b4c,5b0fa12a-3dd7-45bb-9766-cc326314d9f1,163.90516800000023,0.000145847217245,8.89826837217584e-07,12.5,0.0,5.905032634735107,0.0005691136819444,0,0.0002688479224511,0.0008379616043956,Spain,ESP,,,,Windows-10-10.0.26100-SP0,3.8.8,2.8.3,8,Intel(R) Core(TM) i7-1065G7 CPU @ 1.30GHz,,,-3.684,40.4172,15.746753692626951,machine,N,1.0
2025-04-21T23:55:55,MF_C:/Users/xpati/Documents/TFG/ml-1m_full_epoch15,9d98cee9-7dae-437e-b6bc-c0dbf867b8a8,5b0fa12a-3dd7-45bb-9766-cc326314d9f1,159.35335989999976,0.0001417967093581,8.898256644676983e-07,12.5,0.0,5.905032634735107,0.0005533086694444,0,0.0002613808413753,0.0008146895108197,Spain,ESP,,,,Windows-10-10.0.26100-SP0,3.8.8,2.8.3,8,Intel(R) Core(TM) i7-1065G7 CPU @ 1.30GHz,,,-3.684,40.4172,15.746753692626951,machine,N,1.0
2025-04-21T23:59:21,MF_C:/Users/xpati/Documents/TFG/ml-1m_full_epoch16,6aaadc5b-62a2-4ee5-8637-b937158fec60,5b0fa12a-3dd7-45bb-9766-cc326314d9f1,161.65325029999985,0.0001438433510186,8.898265314906325e-07,12.5,0.0,5.905032634735107,0.000561294496875,0,0.0002651539433354,0.0008264484402104,Spain,ESP,,,,Windows-10-10.0.26100-SP0,3.8.8,2.8.3,8,Intel(R) Core(TM) i7-1065G7 CPU @ 1.30GHz,,,-3.684,40.4172,15.746753692626951,machine,N,1.0
2025-04-22T00:02:42,MF_C:/Users/xpati/Documents/TFG/ml-1m_full_epoch17,82e232da-e3bb-483d-ba24-cb2c93891e55,5b0fa12a-3dd7-45bb-9766-cc326314d9f1,157.6200570000001,0.0001402544673116,8.898262694552323e-07,12.5,0.0,5.905032634735107,0.0005472903163194,0,0.0002585382807022,0.0008058285970217,Spain,ESP,,,,Windows-10-10.0.26100-SP0,3.8.8,2.8.3,8,Intel(R) Core(TM) i7-1065G7 CPU @ 1.30GHz,,,-3.684,40.4172,15.746753692626951,machine,N,1.0
2025-04-22T00:06:01,MF_C:/Users/xpati/Documents/TFG/ml-1m_full_epoch18,2e3dbda1-1e73-4413-92c9-9942e6071f25,5b0fa12a-3dd7-45bb-9766-cc326314d9f1,156.15073679999978,0.0001389467105536,8.898242390720706e-07,12.5,0.0,5.905032634735107,0.0005421884836805,0,0.0002561264290089,0.0007983149126894,Spain,ESP,,,,Windows-10-10.0.26100-SP0,3.8.8,2.8.3,8,Intel(R) Core(TM) i7-1065G7 CPU @ 1.30GHz,,,-3.684,40.4172,15.746753692626951,machine,N,1.0
2025-04-22T00:09:27,MF_C:/Users/xpati/Documents/TFG/ml-1m_full_epoch19,6efd00c3-af23-4545-842a-32ad4e7270f5,5b0fa12a-3dd7-45bb-9766-cc326314d9f1,160.40538149999975,0.0001427329270534,8.898262995838437e-07,12.5,0.0,5.905032634735107,0.0005569616336805,0,0.0002631068929122,0.0008200685265928,Spain,ESP,,,,Windows-10-10.0.26100-SP0,3.8.8,2.8.3,8,Intel(R) Core(TM) i7-1065G7 CPU @ 1.30GHz,,,-3.684,40.4172,15.746753692626951,machine,N,1.0
2025-04-22T00:12:49,MF_C:/Users/xpati/Documents/TFG/ml-1m_full_epoch20,e925ac93-e9a9-4ab1-994e-bd85f18922b7,5b0fa12a-3dd7-45bb-9766-cc326314d9f1,157.6530001000001,0.0001402836515144,8.898254484560728e-07,12.5,0.0,5.905032634735107,0.0005474045756944,0,0.0002585916984476,0.000805996274142,Spain,ESP,,,,Windows-10-10.0.26100-SP0,3.8.8,2.8.3,8,Intel(R) Core(TM) i7-1065G7 CPU @ 1.30GHz,,,-3.684,40.4172,15.746753692626951,machine,N,1.0
2025-04-22T00:16:11,MF_C:/Users/xpati/Documents/TFG/ml-1m_full_epoch21,6165e0d4-ea58-44bb-82dc-865af828f384,5b0fa12a-3dd7-45bb-9766-cc326314d9f1,159.18536070000027,0.0001416473024463,8.898261864248319e-07,12.5,0.0,5.905032634735107,0.0005527254423611,0,0.0002611056547164,0.0008138310970775,Spain,ESP,,,,Windows-10-10.0.26100-SP0,3.8.8,2.8.3,8,Intel(R) Core(TM) i7-1065G7 CPU @ 1.30GHz,,,-3.684,40.4172,15.746753692626951,machine,N,1.0
2025-04-22T00:19:28,MF_C:/Users/xpati/Documents/TFG/ml-1m_full_epoch22,c82a8c7c-df56-47e4-b4a6-587a85edcccc,5b0fa12a-3dd7-45bb-9766-cc326314d9f1,154.81599079999978,0.0001377593058155,8.898260774208683e-07,12.5,0.0,5.905032634735107,0.0005375540538194,0,0.0002539386541126,0.0007914927079321,Spain,ESP,,,,Windows-10-10.0.26100-SP0,3.8.8,2.8.3,8,Intel(R) Core(TM) i7-1065G7 CPU @ 1.30GHz,,,-3.684,40.4172,15.746753692626951,machine,N,1.0
2025-04-22T00:22:51,MF_C:/Users/xpati/Documents/TFG/ml-1m_full_epoch23,8738ff37-711e-49bf-b21a-f4b9214b1531,5b0fa12a-3dd7-45bb-9766-cc326314d9f1,158.28435720000016,0.000140845544017,8.898260479339957e-07,12.5,0.0,5.905032634735107,0.0005495968124999,0,0.0002596278012147,0.0008092246137147,Spain,ESP,,,,Windows-10-10.0.26100-SP0,3.8.8,2.8.3,8,Intel(R) Core(TM) i7-1065G7 CPU @ 1.30GHz,,,-3.684,40.4172,15.746753692626951,machine,N,1.0
2025-04-22T00:26:11,MF_C:/Users/xpati/Documents/TFG/ml-1m_full_epoch24,7e7befcc-ed0a-4396-a4a5-dafd06e5db64,5b0fa12a-3dd7-45bb-9766-cc326314d9f1,155.86607860000004,0.0001386936598531,8.898258113564513e-07,12.5,0.0,5.905032634735107,0.0005411998951388,0,0.0002556611209667,0.0007968610161056,Spain,ESP,,,,Windows-10-10.0.26100-SP0,3.8.8,2.8.3,8,Intel(R) Core(TM) i7-1065G7 CPU @ 1.30GHz,,,-3.684,40.4172,15.746753692626951,machine,N,1.0
2025-04-22T00:29:30,MF_C:/Users/xpati/Documents/TFG/ml-1m_full_epoch25,8267458e-3148-40d2-afe5-3718880d734e,5b0fa12a-3dd7-45bb-9766-cc326314d9f1,155.5487559000003,0.0001384114433316,8.898267461593945e-07,12.5,0.0,5.905032634735107,0.0005400984465277,0,0.000255141101485,0.0007952395480128,Spain,ESP,,,,Windows-10-10.0.26100-SP0,3.8.8,2.8.3,8,Intel(R) Core(TM) i7-1065G7 CPU @ 1.30GHz,,,-3.684,40.4172,15.746753692626951,machine,N,1.0
2025-04-22T00:32:51,MF_C:/Users/xpati/Documents/TFG/ml-1m_full_epoch26,4599623c-d44a-41be-a56b-2cc2fcc5905d,5b0fa12a-3dd7-45bb-9766-cc326314d9f1,158.11500830000023,0.0001406949253002,8.898265054844014e-07,12.5,0.0,5.905032634735107,0.0005490088506944,0,0.0002593503868822,0.0008083592375767,Spain,ESP,,,,Windows-10-10.0.26100-SP0,3.8.8,2.8.3,8,Intel(R) Core(TM) i7-1065G7 CPU @ 1.30GHz,,,-3.684,40.4172,15.746753692626951,machine,N,1.0
2025-04-22T00:36:31,MF_C:/Users/xpati/Documents/TFG/ml-1m_full_epoch27,42c88a5b-991a-4d4b-ae3a-ca61beb255ef,5b0fa12a-3dd7-45bb-9766-cc326314d9f1,176.2435499000003,0.0001568260553944,8.89825786438353e-07,12.5,0.0,5.905032634735107,0.0006119551826388,0,0.0002890850666828,0.0009010402493217,Spain,ESP,,,,Windows-10-10.0.26100-SP0,3.8.8,2.8.3,8,Intel(R) Core(TM) i7-1065G7 CPU @ 1.30GHz,,,-3.684,40.4172,15.746753692626951,machine,N,1.0
2025-04-22T00:39:57,MF_C:/Users/xpati/Documents/TFG/ml-1m_full_epoch28,4488a25f-873c-4907-91f4-b2dd74fb2bac,5b0fa12a-3dd7-45bb-9766-cc326314d9f1,158.10583229999975,0.0001406867788033,8.898266228178431e-07,12.5,0.0,5.905032634735107,0.0005489771756944,0,0.0002593352563843,0.0008083124320787,Spain,ESP,,,,Windows-10-10.0.26100-SP0,3.8.8,2.8.3,8,Intel(R) Core(TM) i7-1065G7 CPU @ 1.30GHz,,,-3.684,40.4172,15.746753692626951,machine,N,1.0
2025-04-22T00:43:21,MF_C:/Users/xpati/Documents/TFG/ml-1m_full_epoch29,9e8858df-460f-4ddf-9401-1267192a7a80,5b0fa12a-3dd7-45bb-9766-cc326314d9f1,160.0654915999994,0.0001424304445929,8.898260528811683e-07,12.5,0.0,5.905032634735107,0.0005557810625,0,0.0002625495585451,0.0008183306210451,Spain,ESP,,,,Windows-10-10.0.26100-SP0,3.8.8,2.8.3,8,Intel(R) Core(TM) i7-1065G7 CPU @ 1.30GHz,,,-3.684,40.4172,15.746753692626951,machine,N,1.0
2025-04-22T00:46:43,MF_C:/Users/xpati/Documents/TFG/ml-1m_full_epoch30,7b940ea1-88db-4784-a391-0333154dc0e7,5b0fa12a-3dd7-45bb-9766-cc326314d9f1,158.00749300000007,0.0001405990640667,8.898252949738048e-07,12.5,0.0,5.905032634735107,0.0005486353666666,0,0.0002591731025479,0.0008078084692145,Spain,ESP,,,,Windows-10-10.0.26100-SP0,3.8.8,2.8.3,8,Intel(R) Core(TM) i7-1065G7 CPU @ 1.30GHz,,,-3.684,40.4172,15.746753692626951,machine,N,1.0
2025-04-22T00:50:01,MF_C:/Users/xpati/Documents/TFG/ml-1m_full_epoch31,ddb0d1ad-02c0-44d5-b814-891857b530c3,5b0fa12a-3dd7-45bb-9766-cc326314d9f1,154.80088410000008,0.0001377459079368,8.898263646082461e-07,12.5,0.0,5.905032634735107,0.0005375017885416,0,0.0002539139422072,0.0007914157307488,Spain,ESP,,,,Windows-10-10.0.26100-SP0,3.8.8,2.8.3,8,Intel(R) Core(TM) i7-1065G7 CPU @ 1.30GHz,,,-3.684,40.4172,15.746753692626951,machine,N,1.0
2025-04-22T00:53:20,MF_C:/Users/xpati/Documents/TFG/ml-1m_full_epoch32,df86f677-fa38-4f87-8f2e-4d292bb1b5c6,5b0fa12a-3dd7-45bb-9766-cc326314d9f1,155.89467609999974,0.0001387191181578,8.898258851948849e-07,12.5,0.0,5.905032634735107,0.0005412995569444,0,0.0002557077292253,0.0007970072861697,Spain,ESP,,,,Windows-10-10.0.26100-SP0,3.8.8,2.8.3,8,Intel(R) Core(TM) i7-1065G7 CPU @ 1.30GHz,,,-3.684,40.4172,15.746753692626951,machine,N,1.0
2025-04-22T00:56:50,MF_C:/Users/xpati/Documents/TFG/ml-1m_full_epoch33,50c95758-77cd-416a-9533-0639ba6153a8,5b0fa12a-3dd7-45bb-9766-cc326314d9f1,164.4856708999996,0.0001463635976257,8.898258238844163e-07,12.5,0.0,5.905032634735107,0.0005711291107638,0,0.0002697993444258,0.0008409284551897,Spain,ESP,,,,Windows-10-10.0.26100-SP0,3.8.8,2.8.3,8,Intel(R) Core(TM) i7-1065G7 CPU @ 1.30GHz,,,-3.684,40.4172,15.746753692626951,machine,N,1.0
2025-04-22T01:00:16,MF_C:/Users/xpati/Documents/TFG/ml-1m_full_epoch34,e35dd9fd-1d70-4d1c-94dd-9c4737a3e462,5b0fa12a-3dd7-45bb-9766-cc326314d9f1,158.8492581999999,0.0001413480735979,8.898252040937862e-07,12.5,0.0,5.905032634735107,0.0005515580545138,0,0.0002605538305648,0.0008121118850787,Spain,ESP,,,,Windows-10-10.0.26100-SP0,3.8.8,2.8.3,8,Intel(R) Core(TM) i7-1065G7 CPU @ 1.30GHz,,,-3.684,40.4172,15.746753692626951,machine,N,1.0
2025-04-22T01:03:39,MF_C:/Users/xpati/Documents/TFG/ml-1m_full_epoch35,00cd9b89-2221-4e24-b285-1248a32c6b1e,5b0fa12a-3dd7-45bb-9766-cc326314d9f1,159.5263245999995,0.0001419507102096,8.898262438227914e-07,12.5,0.0,5.905032634735107,0.0005539092225694,0,0.00026166509636,0.0008155743189294,Spain,ESP,,,,Windows-10-10.0.26100-SP0,3.8.8,2.8.3,8,Intel(R) Core(TM) i7-1065G7 CPU @ 1.30GHz,,,-3.684,40.4172,15.746753692626951,machine,N,1.0
2025-04-22T01:07:05,MF_C:/Users/xpati/Documents/TFG/ml-1m_full_epoch36,05783027-f24f-45cc-80fc-96b64604d98a,5b0fa12a-3dd7-45bb-9766-cc326314d9f1,161.19564510000055,0.0001434360855764,8.89826058808808e-07,12.5,0.0,5.905032634735107,0.0005597054770833,0,0.0002644030295324,0.0008241085066157,Spain,ESP,,,,Windows-10-10.0.26100-SP0,3.8.8,2.8.3,8,Intel(R) Core(TM) i7-1065G7 CPU @ 1.30GHz,,,-3.684,40.4172,15.746753692626951,machine,N,1.0
2025-04-22T01:10:28,MF_C:/Users/xpati/Documents/TFG/ml-1m_full_epoch37,7b448b70-9fa5-42f0-bdca-5fe8715a3473,5b0fa12a-3dd7-45bb-9766-cc326314d9f1,158.1622024999997,0.0001407368695727,8.898261869659327e-07,12.5,0.0,5.905032634735107,0.0005491727729166,0,0.0002594274544473,0.000808600227364,Spain,ESP,,,,Windows-10-10.0.26100-SP0,3.8.8,2.8.3,8,Intel(R) Core(TM) i7-1065G7 CPU @ 1.30GHz,,,-3.684,40.4172,15.746753692626951,machine,N,1.0
2025-04-22T01:13:47,MF_C:/Users/xpati/Documents/TFG/ml-1m_full_epoch38,dcddcec2-40b8-43c0-8719-9c61d7ef0081,5b0fa12a-3dd7-45bb-9766-cc326314d9f1,155.3805728999996,0.0001382617107089,8.898262384314807e-07,12.5,0.0,5.905032634735107,0.0005395144593749,0,0.0002548648035318,0.0007943792629068,Spain,ESP,,,,Windows-10-10.0.26100-SP0,3.8.8,2.8.3,8,Intel(R) Core(TM) i7-1065G7 CPU @ 1.30GHz,,,-3.684,40.4172,15.746753692626951,machine,N,1.0
2025-04-22T01:17:09,MF_C:/Users/xpati/Documents/TFG/ml-1m_full_epoch39,0935771a-7b0c-455b-9126-f7371263e7bb,5b0fa12a-3dd7-45bb-9766-cc326314d9f1,157.85925450000104,0.0001404673558378,8.898265501298741e-07,12.5,0.0,5.905032634735107,0.0005481209857638,0,0.000258930757056,0.0008070517428199,Spain,ESP,,,,Windows-10-10.0.26100-SP0,3.8.8,2.8.3,8,Intel(R) Core(TM) i7-1065G7 CPU @ 1.30GHz,,,-3.684,40.4172,15.746753692626951,machine,N,1.0
2025-04-22T01:20:29,MF_C:/Users/xpati/Documents/TFG/ml-1m_full_epoch40,c1aff147-1006-4f3e-ac43-b71c0d5903c7,5b0fa12a-3dd7-45bb-9766-cc326314d9f1,156.98360870000033,0.0001396881717804,8.898264789376735e-07,12.5,0.0,5.905032634735107,0.0005450805368055,0,0.000257494423151,0.0008025749599566,Spain,ESP,,,,Windows-10-10.0.26100-SP0,3.8.8,2.8.3,8,Intel(R) Core(TM) i7-1065G7 CPU @ 1.30GHz,,,-3.684,40.4172,15.746753692626951,machine,N,1.0
2025-04-22T01:23:46,MF_C:/Users/xpati/Documents/TFG/ml-1m_full_epoch41,c28d573b-d6e0-4bfa-af94-1f3900e765f7,5b0fa12a-3dd7-45bb-9766-cc326314d9f1,153.7890619000009,0.0001368455725784,8.89826434258573e-07,12.5,0.0,5.905032634735107,0.0005339882944444,0,0.0002522545816167,0.0007862428760611,Spain,ESP,,,,Windows-10-10.0.26100-SP0,3.8.8,2.8.3,8,Intel(R) Core(TM) i7-1065G7 CPU @ 1.30GHz,,,-3.684,40.4172,15.746753692626951,machine,N,1.0
2025-04-22T01:27:23,MF_C:/Users/xpati/Documents/TFG/ml-1m_full_epoch42,7a1ba614-0fbd-431f-a3f8-240cb9080f81,5b0fa12a-3dd7-45bb-9766-cc326314d9f1,171.54319450000003,0.0001526434718351,8.898252844136119e-07,12.5,0.0,5.905032634735107,0.0005956340996527,0,0.0002813752185614,0.0008770093182142,Spain,ESP,,,,Windows-10-10.0.26100-SP0,3.8.8,2.8.3,8,Intel(R) Core(TM) i7-1065G7 CPU @ 1.30GHz,,,-3.684,40.4172,15.746753692626951,machine,N,1.0
2025-04-22T01:31:01,MF_C:/Users/xpati/Documents/TFG/ml-1m_full_epoch43,7bed5951-12b7-4fd6-8eb7-085d8ace5cc7,5b0fa12a-3dd7-45bb-9766-cc326314d9f1,158.0127364,0.0001406039177848,8.89826484802717e-07,12.5,0.0,5.905032634735107,0.0005486538913194,0,0.0002591824648131,0.0008078363561325,Spain,ESP,,,,Windows-10-10.0.26100-SP0,3.8.8,2.8.3,8,Intel(R) Core(TM) i7-1065G7 CPU @ 1.30GHz,,,-3.684,40.4172,15.746753692626951,machine,N,1.0
2025-04-22T01:34:21,MF_C:/Users/xpati/Documents/TFG/ml-1m_full_epoch44,50eca0da-262e-4edd-87b3-53be4084bb59,5b0fa12a-3dd7-45bb-9766-cc326314d9f1,156.23292540000148,0.0001390202725974,8.898269826382722e-07,12.5,0.0,5.905032634735107,0.0005424740895833,0,0.0002562634720221,0.0007987375616054,Spain,ESP,,,,Windows-10-10.0.26100-SP0,3.8.8,2.8.3,8,Intel(R) Core(TM) i7-1065G7 CPU @ 1.30GHz,,,-3.684,40.4172,15.746753692626951,machine,N,1.0
2025-04-22T01:37:47,MF_C:/Users/xpati/Documents/TFG/ml-1m_full_epoch45,995a33e1-1b71-434b-b8c9-4bc1430991c0,5b0fa12a-3dd7-45bb-9766-cc326314d9f1,160.30019159999938,0.0001426393678632,8.898265587803055e-07,12.5,0.0,5.905032634735107,0.0005565963704861,0,0.0002629346140772,0.0008195309845633,Spain,ESP,,,,Windows-10-10.0.26100-SP0,3.8.8,2.8.3,8,Intel(R) Core(TM) i7-1065G7 CPU @ 1.30GHz,,,-3.684,40.4172,15.746753692626951,machine,N,1.0
2025-04-22T01:41:13,MF_C:/Users/xpati/Documents/TFG/ml-1m_full_epoch46,3d42ab72-13eb-4813-a21e-f5c72ffb9ba6,5b0fa12a-3dd7-45bb-9766-cc326314d9f1,162.37051939999947,0.0001444816825751,8.898270641065967e-07,12.5,0.0,5.905032634735107,0.0005637851385416,0,0.0002663308199482,0.0008301159584898,Spain,ESP,,,,Windows-10-10.0.26100-SP0,3.8.8,2.8.3,8,Intel(R) Core(TM) i7-1065G7 CPU @ 1.30GHz,,,-3.684,40.4172,15.746753692626951,machine,N,1.0
2025-04-22T01:44:34,MF_C:/Users/xpati/Documents/TFG/ml-1m_full_epoch47,68e9c96b-9618-42d3-9c9b-790953d6ad1a,5b0fa12a-3dd7-45bb-9766-cc326314d9f1,157.5265562000004,0.0001401712290359,8.898260230989939e-07,12.5,0.0,5.905032634735107,0.0005469656402777,0,0.0002583847132753,0.0008053503535531,Spain,ESP,,,,Windows-10-10.0.26100-SP0,3.8.8,2.8.3,8,Intel(R) Core(TM) i7-1065G7 CPU @ 1.30GHz,,,-3.684,40.4172,15.746753692626951,machine,N,1.0
2025-04-22T01:47:52,MF_C:/Users/xpati/Documents/TFG/ml-1m_full_epoch48,2cf54486-65cd-4fe0-8d32-a625c935420f,5b0fa12a-3dd7-45bb-9766-cc326314d9f1,156.21187649999956,0.0001390014579452,8.898264399583721e-07,12.5,0.0,5.905032634735107,0.0005424007965277,0,0.0002562286659554,0.0007986294624832,Spain,ESP,,,,Windows-10-10.0.26100-SP0,3.8.8,2.8.3,8,Intel(R) Core(TM) i7-1065G7 CPU @ 1.30GHz,,,-3.684,40.4172,15.746753692626951,machine,N,1.0
2025-04-22T01:51:10,MF_C:/Users/xpati/Documents/TFG/ml-1m_full_epoch49,c55c6ad9-9f91-4fdc-837f-09b95c9b996e,5b0fa12a-3dd7-45bb-9766-cc326314d9f1,154.6429487000005,0.0001376051340443,8.89824820343091e-07,12.5,0.0,5.905032634735107,0.0005369521489583,0,0.0002536547688486,0.0007906069178069,Spain,ESP,,,,Windows-10-10.0.26100-SP0,3.8.8,2.8.3,8,Intel(R) Core(TM) i7-1065G7 CPU @ 1.30GHz,,,-3.684,40.4172,15.746753692626951,machine,N,1.0
2025-04-22T01:51:50,MF_C:/Users/xpati/Documents/TFG/ml-1m_full_total,bfa8824c-b594-44ee-a1e1-20d9d409b5bf,5b0fa12a-3dd7-45bb-9766-cc326314d9f1,10413.3742331,0.0092660963323037,8.898264985858771e-07,12.5,0.0,5.905032634735107,0.0361574583465276,0,0.0170806705377226,0.0532381288842503,Spain,ESP,,,,Windows-10-10.0.26100-SP0,3.8.8,2.8.3,8,Intel(R) Core(TM) i7-1065G7 CPU @ 1.30GHz,,,-3.684,40.4172,15.746753692626951,machine,N,1.0
2025-04-22T01:51:50,MF_C:/Users/xpati/Documents/TFG/ml-1m_full_epoch0,0c1ebc91-f23f-41b3-ac4c-475d5e322656,5b0fa12a-3dd7-45bb-9766-cc326314d9f1,10408.6280889,0.0092619314413405,8.898321048878415e-07,12.5,0.0,5.905032634735107,0.0361410681336805,0,0.0170731314718385,0.0532141996055191,Spain,ESP,,,,Windows-10-10.0.26100-SP0,3.8.8,2.8.3,8,Intel(R) Core(TM) i7-1065G7 CPU @ 1.30GHz,,,-3.684,40.4172,15.746753692626951,machine,N,1.0
2025-04-22T01:51:50,MF_C:/Users/xpati/Documents/TFG/ml-1m_full_epoch1,da927853-bf73-4c73-b205-d1c15fdef58b,5b0fa12a-3dd7-45bb-9766-cc326314d9f1,10197.0151757,0.0090736313528645,8.898320926782086e-07,12.5,0.0,5.905032634735107,0.0354063009663194,0,0.01672602510587,0.0521323260721894,Spain,ESP,,,,Windows-10-10.0.26100-SP0,3.8.8,2.8.3,8,Intel(R) Core(TM) i7-1065G7 CPU @ 1.30GHz,,,-3.684,40.4172,15.746753692626951,machine,N,1.0
2025-04-22T01:51:50,MF_C:/Users/xpati/Documents/TFG/ml-1m_full_epoch2,6df8ac19-b125-4276-a777-8fff576888ca,5b0fa12a-3dd7-45bb-9766-cc326314d9f1,9992.192193,0.0088913735568804,8.898321194331416e-07,12.5,0.0,5.905032634735107,0.0346951104263889,0,0.016390057955573,0.0510851683819619,Spain,ESP,,,,Windows-10-10.0.26100-SP0,3.8.8,2.8.3,8,Intel(R) Core(TM) i7-1065G7 CPU @ 1.30GHz,,,-3.684,40.4172,15.746753692626951,machine,N,1.0
2025-04-22T01:51:50,MF_C:/Users/xpati/Documents/TFG/ml-1m_full_epoch3,c01eb571-0e6b-4374-9230-ac7abe93603c,5b0fa12a-3dd7-45bb-9766-cc326314d9f1,9791.9400423,0.0087131825599065,8.89832098875879e-07,12.5,0.0,5.905032634735107,0.0339997901642361,0,0.016061586221323,0.0500613763855591,Spain,ESP,,,,Windows-10-10.0.26100-SP0,3.8.8,2.8.3,8,Intel(R) Core(TM) i7-1065G7 CPU @ 1.30GHz,,,-3.684,40.4172,15.746753692626951,machine,N,1.0
2025-04-22T01:51:50,MF_C:/Users/xpati/Documents/TFG/ml-1m_full_epoch4,27814a9a-ef49-4e76-97de-366178139872,5b0fa12a-3dd7-45bb-9766-cc326314d9f1,9588.2459109,0.008531928967854,8.898320972509514e-07,12.5,0.0,5.905032634735107,0.0332925190611111,0,0.0157274692632439,0.0490199883243551,Spain,ESP,,,,Windows-10-10.0.26100-SP0,3.8.8,2.8.3,8,Intel(R) Core(TM) i7-1065G7 CPU @ 1.30GHz,,,-3.684,40.4172,15.746753692626951,machine,N,1.0
2025-04-22T01:51:50,MF_C:/Users/xpati/Documents/TFG/ml-1m_full_epoch5,5b7eef54-db3d-41f8-81e7-a9aeebf703b8,5b0fa12a-3dd7-45bb-9766-cc326314d9f1,9382.1982293,0.0083485802127657,8.898319997859039e-07,12.5,0.0,5.905032634735107,0.0325770750493055,0,0.0153894875060853,0.0479665625553909,Spain,ESP,,,,Windows-10-10.0.26100-SP0,3.8.8,2.8.3,8,Intel(R) Core(TM) i7-1065G7 CPU @ 1.30GHz,,,-3.684,40.4172,15.746753692626951,machine,N,1.0
2025-04-22T01:51:50,MF_C:/Users/xpati/Documents/TFG/ml-1m_full_epoch6,c5c1e368-84f5-484b-b622-64f4fa0d1469,5b0fa12a-3dd7-45bb-9766-cc326314d9f1,9155.3344474,0.0081467102566047,8.898320758689802e-07,12.5,0.0,5.905032634735107,0.0317893540034722,0,0.0150173696771064,0.0468067236805787,Spain,ESP,,,,Windows-10-10.0.26100-SP0,3.8.8,2.8.3,8,Intel(R) Core(TM) i7-1065G7 CPU @ 1.30GHz,,,-3.684,40.4172,15.746753692626951,machine,N,1.0
2025-04-22T01:51:50,MF_C:/Users/xpati/Documents/TFG/ml-1m_full_epoch7,a4557b00-6485-44c7-8dda-79e56ed01ba4,5b0fa12a-3dd7-45bb-9766-cc326314d9f1,8922.059825999999,0.007939134533154,8.89832021751125e-07,12.5,0.0,5.905032634735107,0.0309793712600694,0,0.0146347311998792,0.0456141024599486,Spain,ESP,,,,Windows-10-10.0.26100-SP0,3.8.8,2.8.3,8,Intel(R) Core(TM) i7-1065G7 CPU @ 1.30GHz,,,-3.684,40.4172,15.746753692626951,machine,N,1.0
2025-04-22T01:51:50,MF_C:/Users/xpati/Documents/TFG/ml-1m_full_epoch8,dfb60aa2-1165-419b-9094-e83f4479a03d,5b0fa12a-3dd7-45bb-9766-cc326314d9f1,8685.849490300001,0.0077289472807924,8.898320526304051e-07,12.5,0.0,5.905032634735107,0.0301591970114583,0,0.0142472797526462,0.0444064767641046,Spain,ESP,,,,Windows-10-10.0.26100-SP0,3.8.8,2.8.3,8,Intel(R) Core(TM) i7-1065G7 CPU @ 1.30GHz,,,-3.684,40.4172,15.746753692626951,machine,N,1.0
2025-04-22T01:51:50,MF_C:/Users/xpati/Documents/TFG/ml-1m_full_epoch9,58747578-3942-4cc3-82a2-27d1263bd687,5b0fa12a-3dd7-45bb-9766-cc326314d9f1,8451.2093255,0.007520156829088,8.898320393505486e-07,12.5,0.0,5.905032634735107,0.0293444749215277,0,0.0138624014306011,0.0432068763521289,Spain,ESP,,,,Windows-10-10.0.26100-SP0,3.8.8,2.8.3,8,Intel(R) Core(TM) i7-1065G7 CPU @ 1.30GHz,,,-3.684,40.4172,15.746753692626951,machine,N,1.0
2025-04-22T01:51:50,MF_C:/Users/xpati/Documents/TFG/ml-1m_full_epoch10,986fac67-e205-49e5-be88-8bb1b7a658ae,5b0fa12a-3dd7-45bb-9766-cc326314d9f1,8235.0774545,0.0073278326949024,8.898316664767068e-07,12.5,0.0,5.905032634735107,0.0285940050184027,0,0.0135078777446106,0.0421018827630134,Spain,ESP,,,,Windows-10-10.0.26100-SP0,3.8.8,2.8.3,8,Intel(R) Core(TM) i7-1065G7 CPU @ 1.30GHz,,,-3.684,40.4172,15.746753692626951,machine,N,1.0
2025-04-22T01:51:50,MF_C:/Users/xpati/Documents/TFG/ml-1m_full_epoch11,281ed0ae-6494-4879-be42-eec41e5e7e21,5b0fa12a-3dd7-45bb-9766-cc326314d9f1,7970.620732000001,0.0070925137161491,8.898320412705829e-07,12.5,0.0,5.905032634735107,0.0276757644427083,0,0.013074098907761,0.0407498633504693,Spain,ESP,,,,Windows-10-10.0.26100-SP0,3.8.8,2.8.3,8,Intel(R) Core(TM) i7-1065G7 CPU @ 1.30GHz,,,-3.684,40.4172,15.746753692626951,machine,N,1.0
2025-04-22T01:51:50,MF_C:/Users/xpati/Documents/TFG/ml-1m_full_epoch12,c62926db-2567-4b4a-8014-ee0ca7e02fb2,5b0fa12a-3dd7-45bb-9766-cc326314d9f1,7746.4037084,0.0068929983870717,8.898320622764811e-07,12.5,0.0,5.905032634735107,0.0268972333878472,0,0.0127063195398847,0.0396035529277319,Spain,ESP,,,,Windows-10-10.0.26100-SP0,3.8.8,2.8.3,8,Intel(R) Core(TM) i7-1065G7 CPU @ 1.30GHz,,,-3.684,40.4172,15.746753692626951,machine,N,1.0
2025-04-22T01:51:51,MF_C:/Users/xpati/Documents/TFG/ml-1m_full_epoch13,72f7a7a4-c53a-41f4-b632-fe5e9caa7835,5b0fa12a-3dd7-45bb-9766-cc326314d9f1,7534.0975124,0.0067040815599031,8.89832066663492e-07,12.5,0.0,5.905032634735107,0.0261600592409722,0,0.0123580766964202,0.0385181359373925,Spain,ESP,,,,Windows-10-10.0.26100-SP0,3.8.8,2.8.3,8,Intel(R) Core(TM) i7-1065G7 CPU @ 1.30GHz,,,-3.684,40.4172,15.746753692626951,machine,N,1.0
2025-04-22T01:51:51,MF_C:/Users/xpati/Documents/TFG/ml-1m_full_epoch14,37b478d2-830d-4d14-8ee1-0a9f9ca23b4c,5b0fa12a-3dd7-45bb-9766-cc326314d9f1,7322.698780400001,0.0065159718729898,8.898320234652434e-07,12.5,0.0,5.905032634735107,0.0254260343472222,0,0.0120113220043422,0.0374373563515645,Spain,ESP,,,,Windows-10-10.0.26100-SP0,3.8.8,2.8.3,8,Intel(R) Core(TM) i7-1065G7 CPU @ 1.30GHz,,,-3.684,40.4172,15.746753692626951,machine,N,1.0
2025-04-22T01:51:51,MF_C:/Users/xpati/Documents/TFG/ml-1m_full_epoch15,9d98cee9-7dae-437e-b6bc-c0dbf867b8a8,5b0fa12a-3dd7-45bb-9766-cc326314d9f1,7114.5016612,0.0063307115922712,8.898320492068596e-07,12.5,0.0,5.905032634735107,0.0247031290701388,0,0.0116698188889027,0.0363729479590416,Spain,ESP,,,,Windows-10-10.0.26100-SP0,3.8.8,2.8.3,8,Intel(R) Core(TM) i7-1065G7 CPU @ 1.30GHz,,,-3.684,40.4172,15.746753692626951,machine,N,1.0
2025-04-22T01:51:51,MF_C:/Users/xpati/Documents/TFG/ml-1m_full_epoch16,6aaadc5b-62a2-4ee5-8637-b937158fec60,5b0fa12a-3dd7-45bb-9766-cc326314d9f1,6911.3935987,0.0061499796488873,8.898320665812018e-07,12.5,0.0,5.905032634735107,0.0239978929256944,0,0.0113366640917563,0.0353345570174507,Spain,ESP,,,,Windows-10-10.0.26100-SP0,3.8.8,2.8.3,8,Intel(R) Core(TM) i7-1065G7 CPU @ 1.30GHz,,,-3.684,40.4172,15.746753692626951,machine,N,1.0
2025-04-22T01:51:51,MF_C:/Users/xpati/Documents/TFG/ml-1m_full_epoch17,82e232da-e3bb-483d-ba24-cb2c93891e55,5b0fa12a-3dd7-45bb-9766-cc326314d9f1,6706.427516399999,0.0059675941883322,8.898320564471889e-07,12.5,0.0,5.905032634735107,0.0232862050430555,0,0.0110004607905108,0.0342866658335663,Spain,ESP,,,,Windows-10-10.0.26100-SP0,3.8.8,2.8.3,8,Intel(R) Core(TM) i7-1065G7 CPU @ 1.30GHz,,,-3.684,40.4172,15.746753692626951,machine,N,1.0
2025-04-22T01:51:51,MF_C:/Users/xpati/Documents/TFG/ml-1m_full_epoch18,2e3dbda1-1e73-4413-92c9-9942e6071f25,5b0fa12a-3dd7-45bb-9766-cc326314d9f1,6505.310013,0.0057886329999673,8.898319969993049e-07,12.5,0.0,5.905032634735107,0.0225878803517361,0,0.010670568369708,0.0332584487214442,Spain,ESP,,,,Windows-10-10.0.26100-SP0,3.8.8,2.8.3,8,Intel(R) Core(TM) i7-1065G7 CPU @ 1.30GHz,,,-3.684,40.4172,15.746753692626951,machine,N,1.0
2025-04-22T01:51:51,MF_C:/Users/xpati/Documents/TFG/ml-1m_full_epoch19,6efd00c3-af23-4545-842a-32ad4e7270f5,5b0fa12a-3dd7-45bb-9766-cc326314d9f1,6303.8510244,0.0056093686289599,8.898320419134364e-07,12.5,0.0,5.905032634735107,0.0218883700565972,0,0.0103401196242988,0.032228489680896,Spain,ESP,,,,Windows-10-10.0.26100-SP0,3.8.8,2.8.3,8,Intel(R) Core(TM) i7-1065G7 CPU @ 1.30GHz,,,-3.684,40.4172,15.746753692626951,machine,N,1.0
2025-04-22T01:51:51,MF_C:/Users/xpati/Documents/TFG/ml-1m_full_epoch20,e925ac93-e9a9-4ab1-994e-bd85f18922b7,5b0fa12a-3dd7-45bb-9766-cc326314d9f1,6099.117305200001,0.0054271898373302,8.898320143315057e-07,12.5,0.0,5.905032634735107,0.0211774887670138,0,0.0100042971412323,0.0311817859082462,Spain,ESP,,,,Windows-10-10.0.26100-SP0,3.8.8,2.8.3,8,Intel(R) Core(TM) i7-1065G7 CPU @ 1.30GHz,,,-3.684,40.4172,15.746753692626951,machine,N,1.0
2025-04-22T01:51:51,MF_C:/Users/xpati/Documents/TFG/ml-1m_full_epoch21,6165e0d4-ea58-44bb-82dc-865af828f384,5b0fa12a-3dd7-45bb-9766-cc326314d9f1,5898.895068,0.0052490257957674,8.898320338400365e-07,12.5,0.0,5.905032634735107,0.0204822729885416,0,0.0096758757949538,0.0301581487834955,Spain,ESP,,,,Windows-10-10.0.26100-SP0,3.8.8,2.8.3,8,Intel(R) Core(TM) i7-1065G7 CPU @ 1.30GHz,,,-3.684,40.4172,15.746753692626951,machine,N,1.0
2025-04-22T01:51:51,MF_C:/Users/xpati/Documents/TFG/ml-1m_full_epoch22,c82a8c7c-df56-47e4-b4a6-587a85edcccc,5b0fa12a-3dd7-45bb-9766-cc326314d9f1,5697.2198718,0.005069568710294,8.89832027615317e-07,12.5,0.0,5.905032634735107,0.0197820118649305,0,0.0093450706417863,0.0291270825067168,Spain,ESP,,,,Windows-10-10.0.26100-SP0,3.8.8,2.8.3,8,Intel(R) Core(TM) i7-1065G7 CPU @ 1.30GHz,,,-3.684,40.4172,15.746753692626951,machine,N,1.0
2025-04-22T01:51:51,MF_C:/Users/xpati/Documents/TFG/ml-1m_full_epoch23,8738ff37-711e-49bf-b21a-f4b9214b1531,5b0fa12a-3dd7-45bb-9766-cc326314d9f1,5497.876561499999,0.0048921865999919,8.898320188289575e-07,12.5,0.0,5.905032634735107,0.0190898474687499,0,0.009018090480069,0.028107937948819,Spain,ESP,,,,Windows-10-10.0.26100-SP0,3.8.8,2.8.3,8,Intel(R) Core(TM) i7-1065G7 CPU @ 1.30GHz,,,-3.684,40.4172,15.746753692626951,machine,N,1.0
2025-04-22T01:51:51,MF_C:/Users/xpati/Documents/TFG/ml-1m_full_epoch24,7e7befcc-ed0a-4396-a4a5-dafd06e5db64,5b0fa12a-3dd7-45bb-9766-cc326314d9f1,5295.3165104,0.0047119421654009,8.898320159232681e-07,12.5,0.0,5.905032634735107,0.0183865140392361,0,0.0086858339377877,0.0270723479770238,Spain,ESP,,,,Windows-10-10.0.26100-SP0,3.8.8,2.8.3,8,Intel(R) Core(TM) i7-1065G7 CPU @ 1.30GHz,,,-3.684,40.4172,15.746753692626951,machine,N,1.0
2025-04-22T01:51:51,MF_C:/Users/xpati/Documents/TFG/ml-1m_full_epoch25,8267458e-3148-40d2-afe5-3718880d734e,5b0fa12a-3dd7-45bb-9766-cc326314d9f1,5096.015452500001,0.0045345977620063,8.898320274483721e-07,12.5,0.0,5.905032634735107,0.0176944966399305,0,0.0083589234233059,0.0260534200632364,Spain,ESP,,,,Windows-10-10.0.26100-SP0,3.8.8,2.8.3,8,Intel(R) Core(TM) i7-1065G7 CPU @ 1.30GHz,,,-3.684,40.4172,15.746753692626951,machine,N,1.0
2025-04-22T01:51:51,MF_C:/Users/xpati/Documents/TFG/ml-1m_full_epoch26,4599623c-d44a-41be-a56b-2cc2fcc5905d,5b0fa12a-3dd7-45bb-9766-cc326314d9f1,4897.502299,0.0043579543235947,8.898320118164228e-07,12.5,0.0,5.905032634735107,0.0170052147430555,0,0.0080333047834869,0.0250385195265425,Spain,ESP,,,,Windows-10-10.0.26100-SP0,3.8.8,2.8.3,8,Intel(R) Core(TM) i7-1065G7 CPU @ 1.30GHz,,,-3.684,40.4172,15.746753692626951,machine,N,1.0
2025-04-22T01:51:51,MF_C:/Users/xpati/Documents/TFG/ml-1m_full_epoch27,42c88a5b-991a-4d4b-ae3a-ca61beb255ef,5b0fa12a-3dd7-45bb-9766-cc326314d9f1,4695.8496951,0.0041785171080754,8.898319536154742e-07,12.5,0.0,5.905032634735107,0.0163050319982638,0,0.0077025354138329,0.0240075674120968,Spain,ESP,,,,Windows-10-10.0.26100-SP0,3.8.8,2.8.3,8,Intel(R) Core(TM) i7-1065G7 CPU @ 1.30GHz,,,-3.684,40.4172,15.746753692626951,machine,N,1.0
2025-04-22T01:51:51,MF_C:/Users/xpati/Documents/TFG/ml-1m_full_epoch28,4488a25f-873c-4907-91f4-b2dd74fb2bac,5b0fa12a-3dd7-45bb-9766-cc326314d9f1,4472.0092032,0.0039793367223085,8.898319617636542e-07,12.5,0.0,5.905032634735107,0.0155278076819444,0,0.0073353737159789,0.0228631813979234,Spain,ESP,,,,Windows-10-10.0.26100-SP0,3.8.8,2.8.3,8,Intel(R) Core(TM) i7-1065G7 CPU @ 1.30GHz,,,-3.684,40.4172,15.746753692626951,machine,N,1.0
2025-04-22T01:51:51,MF_C:/Users/xpati/Documents/TFG/ml-1m_full_epoch29,9e8858df-460f-4ddf-9401-1267192a7a80,5b0fa12a-3dd7-45bb-9766-cc326314d9f1,4269.7749159,0.003799382229987,8.898319711979898e-07,12.5,0.0,5.905032634735107,0.0148256055493055,0,0.00700365173301,0.0218292572823155,Spain,ESP,,,,Windows-10-10.0.26100-SP0,3.8.8,2.8.3,8,Intel(R) Core(TM) i7-1065G7 CPU @ 1.30GHz,,,-3.684,40.4172,15.746753692626951,machine,N,1.0
2025-04-22T01:51:51,MF_C:/Users/xpati/Documents/TFG/ml-1m_full_epoch30,7b940ea1-88db-4784-a391-0333154dc0e7,5b0fa12a-3dd7-45bb-9766-cc326314d9f1,4065.8591354,0.0036179312503792,8.898319223308026e-07,12.5,0.0,5.905032634735107,0.0141175646173611,0,0.0066691705184,0.0207867351357611,Spain,ESP,,,,Windows-10-10.0.26100-SP0,3.8.8,2.8.3,8,Intel(R) Core(TM) i7-1065G7 CPU @ 1.30GHz,,,-3.684,40.4172,15.746753692626951,machine,N,1.0
2025-04-22T01:51:51,MF_C:/Users/xpati/Documents/TFG/ml-1m_full_epoch31,ddb0d1ad-02c0-44d5-b814-891857b530c3,5b0fa12a-3dd7-45bb-9766-cc326314d9f1,3864.5570793,0.0034388063476848,8.898319463579234e-07,12.5,0.0,5.905032634735107,0.0134185994628472,0,0.0063389779441324,0.0197575774069796,Spain,ESP,,,,Windows-10-10.0.26100-SP0,3.8.8,2.8.3,8,Intel(R) Core(TM) i7-1065G7 CPU @ 1.30GHz,,,-3.684,40.4172,15.746753692626951,machine,N,1.0
2025-04-22T01:51:51,MF_C:/Users/xpati/Documents/TFG/ml-1m_full_epoch32,df86f677-fa38-4f87-8f2e-4d292bb1b5c6,5b0fa12a-3dd7-45bb-9766-cc326314d9f1,3667.3588434,0.0032633329020479,8.898319039383951e-07,12.5,0.0,5.905032634735107,0.0127338832506944,0,0.006015515784341,0.0187493990350355,Spain,ESP,,,,Windows-10-10.0.26100-SP0,3.8.8,2.8.3,8,Intel(R) Core(TM) i7-1065G7 CPU @ 1.30GHz,,,-3.684,40.4172,15.746753692626951,machine,N,1.0
2025-04-22T01:51:51,MF_C:/Users/xpati/Documents/TFG/ml-1m_full_epoch33,50c95758-77cd-416a-9533-0639ba6153a8,5b0fa12a-3dd7-45bb-9766-cc326314d9f1,3465.8704249,0.003084042033989,8.898318909536276e-07,12.5,0.0,5.905032634735107,0.0120342705850694,0,0.0056850171712592,0.0177192877563287,Spain,ESP,,,,Windows-10-10.0.26100-SP0,3.8.8,2.8.3,8,Intel(R) Core(TM) i7-1065G7 CPU @ 1.30GHz,,,-3.684,40.4172,15.746753692626951,machine,N,1.0
2025-04-22T01:51:51,MF_C:/Users/xpati/Documents/TFG/ml-1m_full_epoch34,e35dd9fd-1d70-4d1c-94dd-9c4737a3e462,5b0fa12a-3dd7-45bb-9766-cc326314d9f1,3254.3235918,0.0028958007137228,8.898318289611642e-07,12.5,0.0,5.905032634735107,0.0112997326736111,0,0.0053380192006943,0.0166377518743054,Spain,ESP,,,,Windows-10-10.0.26100-SP0,3.8.8,2.8.3,8,Intel(R) Core(TM) i7-1065G7 CPU @ 1.30GHz,,,-3.684,40.4172,15.746753692626951,machine,N,1.0
2025-04-22T01:51:51,MF_C:/Users/xpati/Documents/TFG/ml-1m_full_epoch35,00cd9b89-2221-4e24-b285-1248a32c6b1e,5b0fa12a-3dd7-45bb-9766-cc326314d9f1,3051.5908609,0.0027154028775191,8.898318946722345e-07,12.5,0.0,5.905032634735107,0.0105958000868055,0,0.0050054804505062,0.0156012805373118,Spain,ESP,,,,Windows-10-10.0.26100-SP0,3.8.8,2.8.3,8,Intel(R) Core(TM) i7-1065G7 CPU @ 1.30GHz,,,-3.684,40.4172,15.746753692626951,machine,N,1.0
2025-04-22T01:51:51,MF_C:/Users/xpati/Documents/TFG/ml-1m_full_epoch36,05783027-f24f-45cc-80fc-96b64604d98a,5b0fa12a-3dd7-45bb-9766-cc326314d9f1,2847.4249282,0.002533729367969,8.898318417022358e-07,12.5,0.0,5.905032634735107,0.0098868904628472,0,0.0046705893875926,0.0145574798504398,Spain,ESP,,,,Windows-10-10.0.26100-SP0,3.8.8,2.8.3,8,Intel(R) Core(TM) i7-1065G7 CPU @ 1.30GHz,,,-3.684,40.4172,15.746753692626951,machine,N,1.0
2025-04-22T01:51:51,MF_C:/Users/xpati/Documents/TFG/ml-1m_full_epoch37,7b448b70-9fa5-42f0-bdca-5fe8715a3473,5b0fa12a-3dd7-45bb-9766-cc326314d9f1,2640.7890975,0.0023498577430633,8.898316587598573e-07,12.5,0.0,5.905032634735107,0.0091694032440972,0,0.0043316467016848,0.013501049945782,Spain,ESP,,,,Windows-10-10.0.26100-SP0,3.8.8,2.8.3,8,Intel(R) Core(TM) i7-1065G7 CPU @ 1.30GHz,,,-3.684,40.4172,15.746753692626951,machine,N,1.0
2025-04-22T01:51:51,MF_C:/Users/xpati/Documents/TFG/ml-1m_full_epoch38,dcddcec2-40b8-43c0-8719-9c61d7ef0081,5b0fa12a-3dd7-45bb-9766-cc326314d9f1,2439.0731189,0.0021703645330804,8.898316808391779e-07,12.5,0.0,5.905032634735107,0.0084690013111111,0,0.0040007748054096,0.0124697761165207,Spain,ESP,,,,Windows-10-10.0.26100-SP0,3.8.8,2.8.3,8,Intel(R) Core(TM) i7-1065G7 CPU @ 1.30GHz,,,-3.684,40.4172,15.746753692626951,machine,N,1.0
2025-04-22T01:51:51,MF_C:/Users/xpati/Documents/TFG/ml-1m_full_epoch39,0935771a-7b0c-455b-9126-f7371263e7bb,5b0fa12a-3dd7-45bb-9766-cc326314d9f1,2239.563938700001,0.0019928350224072,8.898317158848684e-07,12.5,0.0,5.905032634735107,0.0077762621326388,0,0.0036735225407727,0.0114497846734116,Spain,ESP,,,,Windows-10-10.0.26100-SP0,3.8.8,2.8.3,8,Intel(R) Core(TM) i7-1065G7 CPU @ 1.30GHz,,,-3.684,40.4172,15.746753692626951,machine,N,1.0
2025-04-22T01:51:51,MF_C:/Users/xpati/Documents/TFG/ml-1m_full_epoch40,c1aff147-1006-4f3e-ac43-b71c0d5903c7,5b0fa12a-3dd7-45bb-9766-cc326314d9f1,2038.8279617000007,0.001814213808372,8.898317280577851e-07,12.5,0.0,5.905032634735107,0.0070792621677083,0,0.0033442587077414,0.0104235208754498,Spain,ESP,,,,Windows-10-10.0.26100-SP0,3.8.8,2.8.3,8,Intel(R) Core(TM) i7-1065G7 CPU @ 1.30GHz,,,-3.684,40.4172,15.746753692626951,machine,N,1.0
2025-04-22T01:51:51,MF_C:/Users/xpati/Documents/TFG/ml-1m_full_epoch41,c28d573b-d6e0-4bfa-af94-1f3900e765f7,5b0fa12a-3dd7-45bb-9766-cc326314d9f1,1839.088184,0.0016364789695397,8.898317023495764e-07,12.5,0.0,5.905032634735107,0.0063857213156249,0,0.0030166284088203,0.0094023497244453,Spain,ESP,,,,Windows-10-10.0.26100-SP0,3.8.8,2.8.3,8,Intel(R) Core(TM) i7-1065G7 CPU @ 1.30GHz,,,-3.684,40.4172,15.746753692626951,machine,N,1.0
2025-04-22T01:51:51,MF_C:/Users/xpati/Documents/TFG/ml-1m_full_epoch42,7a1ba614-0fbd-431f-a3f8-240cb9080f81,5b0fa12a-3dd7-45bb-9766-cc326314d9f1,1640.0962377999986,0.0014594092621883,8.898314797343994e-07,12.5,0.0,5.905032634735107,0.0056947767649305,0,0.0026902233050975,0.0083850000700281,Spain,ESP,,,,Windows-10-10.0.26100-SP0,3.8.8,2.8.3,8,Intel(R) Core(TM) i7-1065G7 CPU @ 1.30GHz,,,-3.684,40.4172,15.746753692626951,machine,N,1.0
2025-04-22T01:51:51,MF_C:/Users/xpati/Documents/TFG/ml-1m_full_epoch43,7bed5951-12b7-4fd6-8eb7-085d8ace5cc7,5b0fa12a-3dd7-45bb-9766-cc326314d9f1,1408.0261840000005,0.001252906094086,8.898315303531886e-07,12.5,0.0,5.905032634735107,0.0048889782972222,0,0.0023095628925857,0.0071985411898079,Spain,ESP,,,,Windows-10-10.0.26100-SP0,3.8.8,2.8.3,8,Intel(R) Core(TM) i7-1065G7 CPU @ 1.30GHz,,,-3.684,40.4172,15.746753692626951,machine,N,1.0
2025-04-22T01:51:51,MF_C:/Users/xpati/Documents/TFG/ml-1m_full_epoch44,50eca0da-262e-4edd-87b3-53be4084bb59,5b0fa12a-3dd7-45bb-9766-cc326314d9f1,1206.0789221000014,0.0010732070008133,8.898314871009616e-07,12.5,0.0,5.905032634735107,0.0041877725934027,0,0.0019783118697593,0.0061660844631621,Spain,ESP,,,,Windows-10-10.0.26100-SP0,3.8.8,2.8.3,8,Intel(R) Core(TM) i7-1065G7 CPU @ 1.30GHz,,,-3.684,40.4172,15.746753692626951,machine,N,1.0
2025-04-22T01:51:51,MF_C:/Users/xpati/Documents/TFG/ml-1m_full_epoch45,995a33e1-1b71-434b-b8c9-4bc1430991c0,5b0fa12a-3dd7-45bb-9766-cc326314d9f1,1005.0821806000004,0.0008943535512471,8.89831268039441e-07,12.5,0.0,5.905032634735107,0.0034898671121527,0,0.0016486192495084,0.0051384863616612,Spain,ESP,,,,Windows-10-10.0.26100-SP0,3.8.8,2.8.3,8,Intel(R) Core(TM) i7-1065G7 CPU @ 1.30GHz,,,-3.684,40.4172,15.746753692626951,machine,N,1.0
2025-04-22T01:51:51,MF_C:/Users/xpati/Documents/TFG/ml-1m_full_epoch46,3d42ab72-13eb-4813-a21e-f5c72ffb9ba6,5b0fa12a-3dd7-45bb-9766-cc326314d9f1,800.2777136999994,0.0007121120166944,8.898311230010859e-07,12.5,0.0,5.905032634735107,0.0027787406368055,0,0.0013126814642827,0.0040914221010882,Spain,ESP,,,,Windows-10-10.0.26100-SP0,3.8.8,2.8.3,8,Intel(R) Core(TM) i7-1065G7 CPU @ 1.30GHz,,,-3.684,40.4172,15.746753692626951,machine,N,1.0
2025-04-22T01:51:51,MF_C:/Users/xpati/Documents/TFG/ml-1m_full_epoch47,68e9c96b-9618-42d3-9c9b-790953d6ad1a,5b0fa12a-3dd7-45bb-9766-cc326314d9f1,594.6748145000001,0.0005291597660233,8.898304638447373e-07,12.5,0.0,5.905032634735107,0.0020648413878472,0,0.0009754330506665,0.0030402744385137,Spain,ESP,,,,Windows-10-10.0.26100-SP0,3.8.8,2.8.3,8,Intel(R) Core(TM) i7-1065G7 CPU @ 1.30GHz,,,-3.684,40.4172,15.746753692626951,machine,N,1.0
2025-04-22T01:51:51,MF_C:/Users/xpati/Documents/TFG/ml-1m_full_epoch48,2cf54486-65cd-4fe0-8d32-a625c935420f,5b0fa12a-3dd7-45bb-9766-cc326314d9f1,395.1946312,0.0003516559816708,8.89829855742301e-07,12.5,0.0,5.905032634735107,0.0013722020045138,0,0.0006482288008341,0.002020430805348,Spain,ESP,,,,Windows-10-10.0.26100-SP0,3.8.8,2.8.3,8,Intel(R) Core(TM) i7-1065G7 CPU @ 1.30GHz,,,-3.684,40.4172,15.746753692626951,machine,N,1.0
2025-04-22T01:51:51,MF_C:/Users/xpati/Documents/TFG/ml-1m_full_epoch49,c55c6ad9-9f91-4fdc-837f-09b95c9b996e,5b0fa12a-3dd7-45bb-9766-cc326314d9f1,195.7475727000001,0.0001741815474649,8.898273682906845e-07,12.5,0.0,5.905032634735107,0.0006796773993055,0,0.0003210784034231,0.0010007558027287,Spain,ESP,,,,Windows-10-10.0.26100-SP0,3.8.8,2.8.3,8,Intel(R) Core(TM) i7-1065G7 CPU @ 1.30GHz,,,-3.684,40.4172,15.746753692626951,machine,N,1.0
2025-04-22T01:52:42,MF_ml-1m_full,f8950fe6-fc54-49eb-b16d-3baecbb379f5,5b0fa12a-3dd7-45bb-9766-cc326314d9f1,10533.700417799999,0.00937313364387442,8.898234497001228e-07,12.5,0.0,5.905032634735107,0.036575211114583374,0,0.017277898014255572,0.05385310912883895,Spain,ESP,,,,Windows-10-10.0.26100-SP0,3.8.8,2.8.3,8,Intel(R) Core(TM) i7-1065G7 CPU @ 1.30GHz,,,-3.684,40.4172,15.746753692626953,machine,N,1.0
